-- ============================================================================
-- ArtShop — Extra seed data for a "production-feel" catalog
-- Run AFTER 001_initial_schema.sql and 002_seed_data.sql.
-- Adds: 3 sellers, 3 buyers, 30 products across all 8 categories,
--       6 orders in various statuses, 12 reviews, and browsing history.
-- Image URLs use picsum.photos so they always resolve without needing an
-- image host or API key. Swap for real product photos before launch.
-- ============================================================================

-- Re-uses the shared bcrypt hash from 002_seed_data.sql: all passwords are 'Password123!'
-- Hash: $2a$12$mmzq1dzNnsR9wA.pQKBUJOUYKaWKY9fQgkE/Sx1tY7PMqISrsKVd2

-- Wrap the whole seed in a single transaction so any error rolls everything
-- back. Re-runs from a clean slate stay safe.
BEGIN;

-- ============================================================================
-- ADDITIONAL SELLERS
-- ============================================================================
INSERT INTO users (id, email, password_hash, full_name, role, phone, bio, avatar_url, address_line1, city, state, country, zip_code, is_verified, is_active) VALUES
('a3333333-3333-3333-3333-333333333333', 'aria@artshop.com',    '$2a$12$mmzq1dzNnsR9wA.pQKBUJOUYKaWKY9fQgkE/Sx1tY7PMqISrsKVd2', 'Aria Nakamura',  'seller', '+81-555-0103', 'Ceramicist and sculptor working from my Kyoto studio. I draw inspiration from the quiet symmetry of traditional Japanese gardens.', 'https://picsum.photos/seed/aria-avatar/150/150', '12-3 Higashiyama', 'Kyoto', 'Kyoto', 'Japan', '605-0825', true, true),
('a4444444-4444-4444-4444-444444444444', 'marcus@artshop.com',  '$2a$12$mmzq1dzNnsR9wA.pQKBUJOUYKaWKY9fQgkE/Sx1tY7PMqISrsKVd2', 'Marcus Okonkwo', 'seller', '+234-555-0104', 'Lagos-based photographer documenting light, motion and everyday life across West Africa.', 'https://picsum.photos/seed/marcus-avatar/150/150', '45 Victoria Island', 'Lagos', 'Lagos', 'Nigeria', '101241', true, true),
('a5555555-5555-5555-5555-555555555555', 'yuki@artshop.com',    '$2a$12$mmzq1dzNnsR9wA.pQKBUJOUYKaWKY9fQgkE/Sx1tY7PMqISrsKVd2', 'Yuki Tanaka',    'seller', '+81-555-0105', 'Printmaker and textile artist. Limited-edition linocuts, hand-dyed pieces, and experimental weavings.', 'https://picsum.photos/seed/yuki-avatar/150/150', '8 Shimokitazawa', 'Tokyo',    'Tokyo',    'Japan',   '155-0031', true, true);

INSERT INTO seller_profiles (user_id, store_name, store_description, logo_url, banner_url, is_verified, total_sales, total_revenue, rating, commission_rate) VALUES
('a3333333-3333-3333-3333-333333333333', 'Aria Ceramics',    'Wheel-thrown stoneware and sculptural ceramic work, one piece at a time.',                               'https://picsum.photos/seed/aria-logo/200/200',    'https://picsum.photos/seed/aria-banner/1200/400',    true, 28,  7420.00, 4.9, 9.00),
('a4444444-4444-4444-4444-444444444444', 'Okonkwo Studio',  'Fine-art photography from across Africa — editioned prints on archival paper.',                            'https://picsum.photos/seed/marcus-logo/200/200',  'https://picsum.photos/seed/marcus-banner/1200/400',  true, 41, 11340.00, 4.7, 8.50),
('a5555555-5555-5555-5555-555555555555', 'Tanaka Press',    'Small-run prints and textile works from my home studio. Hand-pulled, carefully dyed, never rushed.',       'https://picsum.photos/seed/yuki-logo/200/200',    'https://picsum.photos/seed/yuki-banner/1200/400',    true, 19,  4980.00, 4.8, 8.00);

-- ============================================================================
-- ADDITIONAL BUYERS
-- ============================================================================
INSERT INTO users (id, email, password_hash, full_name, role, phone, bio, avatar_url, address_line1, city, state, country, zip_code, is_verified, is_active) VALUES
('b6666666-6666-6666-6666-666666666666', 'leila@example.com',   '$2a$12$mmzq1dzNnsR9wA.pQKBUJOUYKaWKY9fQgkE/Sx1tY7PMqISrsKVd2', 'Leila Hassan',  'buyer', '+971-555-0206', 'Interior architect curating art for boutique hotels.',       'https://picsum.photos/seed/leila/150/150',  '22 Al Wasl Road',   'Dubai',     NULL,     'UAE',         '00000',    true, true),
('b7777777-7777-7777-7777-777777777777', 'henri@example.com',   '$2a$12$mmzq1dzNnsR9wA.pQKBUJOUYKaWKY9fQgkE/Sx1tY7PMqISrsKVd2', 'Henri Laurent', 'buyer', '+33-555-0207',  NULL,                                                         'https://picsum.photos/seed/henri/150/150',  '7 Rue de Rivoli',   'Paris',     NULL,     'France',      '75001',    true, true),
('b8888888-8888-8888-8888-888888888888', 'priya@example.com',   '$2a$12$mmzq1dzNnsR9wA.pQKBUJOUYKaWKY9fQgkE/Sx1tY7PMqISrsKVd2', 'Priya Desai',   'buyer', '+91-555-0208',  'First-time collector, drawn to bold colour and texture.',   'https://picsum.photos/seed/priya/150/150',  '301 Bandra West',   'Mumbai',    'MH',     'India',       '400050',   true, true);

-- ============================================================================
-- ARIA (a3) — CERAMICS / HANDCRAFT / SCULPTURE  (10 products)
-- ============================================================================
INSERT INTO products (id, seller_id, title, description, price, compare_at_price, category_id, images, thumbnail, stock, sku, tags, medium, dimensions, weight, is_published, is_featured, avg_rating, total_reviews, total_sales, view_count) VALUES
('e3333333-3333-3333-3333-000000000001', 'a3333333-3333-3333-3333-333333333333', 'Tea Bowl — Shino Glaze',           'Wheel-thrown stoneware tea bowl finished with a traditional shino glaze. Warm off-white with soft orange flashes where the flame caught the kiln. Each bowl is signed and stamped.',                               120.00, NULL,   (SELECT id FROM categories WHERE slug = 'handcraft'),  ARRAY['https://picsum.photos/seed/aria-p1a/800/800','https://picsum.photos/seed/aria-p1b/800/800'], 'https://picsum.photos/seed/aria-p1a/500/500',  12, 'AR-CER-001', ARRAY['ceramic','stoneware','tea','japan','wabi-sabi'],       'Stoneware',       '4x4x3 in',    0.4, true,  true,  4.9, 3, 14,  287),
('e3333333-3333-3333-3333-000000000002', 'a3333333-3333-3333-3333-333333333333', 'Moon Jar (Small)',                   'A contemporary take on the classic Korean moon jar. Porcelain, fired once at 1260C, softly pebble-white with subtle surface variation.',                                                                        340.00, 420.00, (SELECT id FROM categories WHERE slug = 'handcraft'),  ARRAY['https://picsum.photos/seed/aria-p2a/800/800'],                                           'https://picsum.photos/seed/aria-p2a/500/500',   4, 'AR-CER-002', ARRAY['porcelain','vessel','minimalist','white'],             'Porcelain',       '8x8x9 in',    1.6, true,  true,  4.8, 2, 6,   168),
('e3333333-3333-3333-3333-000000000003', 'a3333333-3333-3333-3333-333333333333', 'Black Slab Platter',                'Hand-cut slab platter with a matte black oxide finish. Perfect for serving or as a low, sculptural centrepiece.',                                                                                                  185.00, NULL,   (SELECT id FROM categories WHERE slug = 'handcraft'),  ARRAY['https://picsum.photos/seed/aria-p3a/800/800'],                                           'https://picsum.photos/seed/aria-p3a/500/500',   6, 'AR-CER-003', ARRAY['platter','matte','black','functional','serving'],      'Stoneware',       '14x10x1 in',  1.2, true,  false, 4.7, 1, 4,    92),
('e3333333-3333-3333-3333-000000000004', 'a3333333-3333-3333-3333-333333333333', 'Stone Cairn Sculpture',              'A stack of hand-built ceramic forms finished to resemble weathered river stones. A quiet presence for a shelf or side table.',                                                                                   410.00, NULL,   (SELECT id FROM categories WHERE slug = 'sculptures'), ARRAY['https://picsum.photos/seed/aria-p4a/800/800'],                                           'https://picsum.photos/seed/aria-p4a/500/500',   2, 'AR-SCL-001', ARRAY['sculpture','meditative','stone','zen'],                'Ceramic',         '6x6x12 in',   2.1, true,  true,  5.0, 1, 2,    74),
('e3333333-3333-3333-3333-000000000005', 'a3333333-3333-3333-3333-333333333333', 'Vase No. 4 — Deep Indigo',          'Bottle-form vase with a rich deep-indigo tenmoku glaze. Wheel-thrown, a single piece hand-finished and signed underneath.',                                                                                     260.00, NULL,   (SELECT id FROM categories WHERE slug = 'handcraft'),  ARRAY['https://picsum.photos/seed/aria-p5a/800/800','https://picsum.photos/seed/aria-p5b/800/800'], 'https://picsum.photos/seed/aria-p5a/500/500',   5, 'AR-CER-004', ARRAY['vase','indigo','stoneware','contemporary'],            'Stoneware',       '5x5x11 in',   1.3, true,  false, 4.6, 2, 3,   118),
('e3333333-3333-3333-3333-000000000006', 'a3333333-3333-3333-3333-333333333333', 'Ikebana Vessel — Low',              'Low, wide ikebana vessel with a built-in kenzan well. Perfect for minimal single-flower arrangements.',                                                                                                         155.00, NULL,   (SELECT id FROM categories WHERE slug = 'handcraft'),  ARRAY['https://picsum.photos/seed/aria-p6a/800/800'],                                           'https://picsum.photos/seed/aria-p6a/500/500',   8, 'AR-CER-005', ARRAY['ikebana','flower','vessel','japanese'],                 'Stoneware',       '7x7x2 in',    0.9, true,  false, 4.9, 1, 5,    83),
('e3333333-3333-3333-3333-000000000007', 'a3333333-3333-3333-3333-333333333333', 'Raku Incense Holder',               'Traditional raku-fired incense holder with a crackled black-white glaze. Includes a small plate for catching ash.',                                                                                               68.00, NULL,   (SELECT id FROM categories WHERE slug = 'handcraft'),  ARRAY['https://picsum.photos/seed/aria-p7a/800/800'],                                           'https://picsum.photos/seed/aria-p7a/500/500',  15, 'AR-CER-006', ARRAY['raku','incense','small','zen','gift'],                 'Raku ceramic',    '3x3x2 in',    0.2, true,  false, 4.8, 3, 11,  156),
('e3333333-3333-3333-3333-000000000008', 'a3333333-3333-3333-3333-333333333333', 'Form in Three Parts',               'A sculptural study in balance: three interlocking ceramic forms that can be arranged in many configurations. Finished in a cool grey-green ash glaze.',                                                        680.00, NULL,   (SELECT id FROM categories WHERE slug = 'sculptures'), ARRAY['https://picsum.photos/seed/aria-p8a/800/800'],                                           'https://picsum.photos/seed/aria-p8a/500/500',   1, 'AR-SCL-002', ARRAY['sculpture','modular','grey','contemporary'],           'Stoneware',       '18x14x8 in',  4.2, true,  true,  5.0, 1, 1,    52),
('e3333333-3333-3333-3333-000000000009', 'a3333333-3333-3333-3333-333333333333', 'Everyday Mug Set (4)',              'Four mismatched-by-design mugs, each wheel-thrown and glazed in a warm earthen palette. Dishwasher-safe.',                                                                                                      140.00, NULL,   (SELECT id FROM categories WHERE slug = 'handcraft'),  ARRAY['https://picsum.photos/seed/aria-p9a/800/800'],                                           'https://picsum.photos/seed/aria-p9a/500/500',  10, 'AR-CER-007', ARRAY['mug','set','functional','kitchen'],                    'Stoneware',       '4x4x4 in ea', 1.5, true,  false, 4.7, 2, 7,   141),
('e3333333-3333-3333-3333-00000000000a', 'a3333333-3333-3333-3333-333333333333', 'Shelf Figure — Crane',              'Small abstracted crane figure in unglazed porcelain. A quiet detail for a bookshelf or mantelpiece.',                                                                                                            95.00, NULL,   (SELECT id FROM categories WHERE slug = 'sculptures'), ARRAY['https://picsum.photos/seed/aria-p10a/800/800'],                                          'https://picsum.photos/seed/aria-p10a/500/500',  7, 'AR-SCL-003', ARRAY['figure','porcelain','bird','minimalist'],              'Porcelain',       '3x3x7 in',    0.3, true,  false, 4.5, 0, 0,    38);

-- ============================================================================
-- MARCUS (a4) — PHOTOGRAPHY  (10 products)
-- ============================================================================
INSERT INTO products (id, seller_id, title, description, price, compare_at_price, category_id, images, thumbnail, stock, sku, tags, medium, dimensions, weight, is_published, is_featured, avg_rating, total_reviews, total_sales, view_count) VALUES
('f4444444-4444-4444-4444-000000000001', 'a4444444-4444-4444-4444-444444444444', 'Lagos Morning — No. 3',              'Lagos waking up under a soft haze. Shot on medium format film at dawn in January. Edition of 15.',                                                                                                             220.00, NULL,   (SELECT id FROM categories WHERE slug = 'photography'), ARRAY['https://picsum.photos/seed/marcus-p1a/800/1000'],                                        'https://picsum.photos/seed/marcus-p1a/500/625',  15, 'MO-PH-001', ARRAY['lagos','morning','film','africa','street'],            'Archival pigment print',    '12x16 in', 0.5, true, true,  4.8, 4, 9,  294),
('f4444444-4444-4444-4444-000000000002', 'a4444444-4444-4444-4444-444444444444', 'Okavango Reflections',              'A long-exposure study of still water in the Okavango delta. Cool blues and a single silhouette. Edition of 10.',                                                                                                380.00, NULL,   (SELECT id FROM categories WHERE slug = 'photography'), ARRAY['https://picsum.photos/seed/marcus-p2a/800/1200'],                                        'https://picsum.photos/seed/marcus-p2a/500/750',  10, 'MO-PH-002', ARRAY['landscape','water','africa','minimal','blue'],          'Archival pigment print',    '16x24 in', 0.9, true, true,  5.0, 2, 3,  162),
('f4444444-4444-4444-4444-000000000003', 'a4444444-4444-4444-4444-444444444444', 'Market Study No. 7',                'Detail from Balogun market. Strong mid-day light, blue fabrics against an ochre wall. Edition of 20.',                                                                                                          165.00, NULL,   (SELECT id FROM categories WHERE slug = 'photography'), ARRAY['https://picsum.photos/seed/marcus-p3a/800/1000'],                                        'https://picsum.photos/seed/marcus-p3a/500/625',  20, 'MO-PH-003', ARRAY['market','street','colour','africa','documentary'],     'Archival pigment print',    '12x16 in', 0.5, true, false, 4.7, 3, 11, 201),
('f4444444-4444-4444-4444-000000000004', 'a4444444-4444-4444-4444-444444444444', 'Boy With Kite',                     'A single frame from a Saturday afternoon on Tarkwa Bay. Captured with a Leica M6 on Tri-X. Edition of 15.',                                                                                                    195.00, NULL,   (SELECT id FROM categories WHERE slug = 'photography'), ARRAY['https://picsum.photos/seed/marcus-p4a/800/1000'],                                        'https://picsum.photos/seed/marcus-p4a/500/625',  15, 'MO-PH-004', ARRAY['portrait','film','bw','documentary'],                  'Silver gelatin print',      '12x16 in', 0.5, true, false, 4.9, 1, 2,   94),
('f4444444-4444-4444-4444-000000000005', 'a4444444-4444-4444-4444-444444444444', 'Crossing the Bridge',               'Evening commuters on Third Mainland Bridge. Shot through a long lens, soft gradients, a sense of quiet in motion.',                                                                                             240.00, 290.00, (SELECT id FROM categories WHERE slug = 'photography'), ARRAY['https://picsum.photos/seed/marcus-p5a/800/1000'],                                        'https://picsum.photos/seed/marcus-p5a/500/625',   8, 'MO-PH-005', ARRAY['city','evening','motion','blur'],                       'Archival pigment print',    '16x20 in', 0.7, true, true,  4.6, 2, 4,  138),
('f4444444-4444-4444-4444-000000000006', 'a4444444-4444-4444-4444-444444444444', 'Desert Palette',                    'Triptych of sand and sky textures from northern Senegal. Warm earth tones. Sold as a set of three 10x12 prints.',                                                                                                420.00, NULL,   (SELECT id FROM categories WHERE slug = 'photography'), ARRAY['https://picsum.photos/seed/marcus-p6a/800/600'],                                         'https://picsum.photos/seed/marcus-p6a/500/375',   6, 'MO-PH-006', ARRAY['desert','triptych','warm','abstract','landscape'],     'Archival pigment print',    '30x12 in', 1.0, true, true,  4.8, 1, 2,   88),
('f4444444-4444-4444-4444-000000000007', 'a4444444-4444-4444-4444-444444444444', 'Grandmother''s Courtyard',         'Portrait of light moving across an empty courtyard at golden hour. Warm, quiet, still.',                                                                                                                        210.00, NULL,   (SELECT id FROM categories WHERE slug = 'photography'), ARRAY['https://picsum.photos/seed/marcus-p7a/800/1000'],                                        'https://picsum.photos/seed/marcus-p7a/500/625',  12, 'MO-PH-007', ARRAY['light','architecture','warm','home'],                  'Archival pigment print',    '12x16 in', 0.5, true, false, 4.9, 2, 4,  107),
('f4444444-4444-4444-4444-000000000008', 'a4444444-4444-4444-4444-444444444444', 'Rain on Campus',                    'Moody black-and-white of students sheltering from a sudden downpour at the University of Lagos.',                                                                                                               170.00, NULL,   (SELECT id FROM categories WHERE slug = 'photography'), ARRAY['https://picsum.photos/seed/marcus-p8a/800/1000'],                                        'https://picsum.photos/seed/marcus-p8a/500/625',  14, 'MO-PH-008', ARRAY['bw','rain','campus','documentary'],                   'Silver gelatin print',      '12x16 in', 0.5, true, false, 4.5, 0, 1,   69),
('f4444444-4444-4444-4444-000000000009', 'a4444444-4444-4444-4444-444444444444', 'Low Tide, Elegushi',                'Long exposure at Elegushi beach near sunset. Smooth water, grain, and a single silhouette. Edition of 12.',                                                                                                     260.00, NULL,   (SELECT id FROM categories WHERE slug = 'photography'), ARRAY['https://picsum.photos/seed/marcus-p9a/800/1000'],                                        'https://picsum.photos/seed/marcus-p9a/500/625',  12, 'MO-PH-009', ARRAY['beach','long-exposure','water','sunset'],              'Archival pigment print',    '16x20 in', 0.7, true, true,  4.7, 1, 2,  114),
('f4444444-4444-4444-4444-00000000000a', 'a4444444-4444-4444-4444-444444444444', 'Four Doors',                        'A typology study — four weathered doors from Old Lagos, shot the same time of day to match the light. Sold as a set of four 8x10 prints.',                                                                     310.00, NULL,   (SELECT id FROM categories WHERE slug = 'photography'), ARRAY['https://picsum.photos/seed/marcus-p10a/800/800'],                                        'https://picsum.photos/seed/marcus-p10a/500/500',  9, 'MO-PH-010', ARRAY['typology','architecture','set','warm'],                'Archival pigment print',    '16x20 in', 0.8, true, false, 4.8, 1, 1,   61);

-- ============================================================================
-- YUKI (a5) — PRINTS / TEXTILE ART / MIXED MEDIA  (10 products)
-- ============================================================================
INSERT INTO products (id, seller_id, title, description, price, compare_at_price, category_id, images, thumbnail, stock, sku, tags, medium, dimensions, weight, is_published, is_featured, avg_rating, total_reviews, total_sales, view_count) VALUES
('c5555555-5555-5555-5555-000000000001', 'a5555555-5555-5555-5555-555555555555', 'Linocut — Garden After Rain',        'Hand-pulled linocut print in four colours. Made with oil-based ink on heavy cotton paper. Edition of 30.',                                                                                                      95.00,  NULL,   (SELECT id FROM categories WHERE slug = 'prints'),       ARRAY['https://picsum.photos/seed/yuki-p1a/800/1000'],                                          'https://picsum.photos/seed/yuki-p1a/500/625',  28, 'YT-PR-001', ARRAY['linocut','print','garden','green','handmade'],         'Linocut on cotton paper',   '11x14 in', 0.2, true, true,  4.9, 5, 12, 212),
('c5555555-5555-5555-5555-000000000002', 'a5555555-5555-5555-5555-555555555555', 'Indigo Wave — Shibori Wall Hanging','Hand-dyed cotton fabric using traditional Japanese shibori resist technique. Ready to hang with a pale oak rod included.',                                                                                       280.00, NULL,   (SELECT id FROM categories WHERE slug = 'textile-art'),  ARRAY['https://picsum.photos/seed/yuki-p2a/800/1000'],                                          'https://picsum.photos/seed/yuki-p2a/500/625',   6, 'YT-TX-001', ARRAY['shibori','indigo','textile','wall-hanging'],           'Hand-dyed cotton',          '20x30 in', 0.6, true, true,  4.8, 3, 5,  154),
('c5555555-5555-5555-5555-000000000003', 'a5555555-5555-5555-5555-555555555555', 'Moth Study — Silkscreen',            'Two-colour silkscreen print of a hawk moth on cream paper. Edition of 40.',                                                                                                                                       60.00,  NULL,   (SELECT id FROM categories WHERE slug = 'prints'),       ARRAY['https://picsum.photos/seed/yuki-p3a/800/1000'],                                          'https://picsum.photos/seed/yuki-p3a/500/625',  40, 'YT-PR-002', ARRAY['silkscreen','moth','natural','small'],                 'Silkscreen',                '8x10 in',  0.1, true, false, 4.7, 2, 8,  178),
('c5555555-5555-5555-5555-000000000004', 'a5555555-5555-5555-5555-555555555555', 'Kintsugi Collage No. 1',            'A collage of torn handmade papers joined with gold paint, echoing the Japanese kintsugi tradition of repair.',                                                                                                   340.00, NULL,   (SELECT id FROM categories WHERE slug = 'mixed-media'),  ARRAY['https://picsum.photos/seed/yuki-p4a/800/1000'],                                          'https://picsum.photos/seed/yuki-p4a/500/625',   3, 'YT-MM-001', ARRAY['kintsugi','collage','gold','handmade','contemporary'], 'Paper, gold leaf',          '16x20 in', 0.3, true, true,  4.9, 1, 2,   84),
('c5555555-5555-5555-5555-000000000005', 'a5555555-5555-5555-5555-555555555555', 'Forest Series — Riso Print',         'Two-colour risograph print in green and navy. Slightly grainy, warm to the touch. Edition of 50.',                                                                                                                45.00,  60.00,  (SELECT id FROM categories WHERE slug = 'prints'),       ARRAY['https://picsum.photos/seed/yuki-p5a/800/1000'],                                          'https://picsum.photos/seed/yuki-p5a/500/625',  44, 'YT-PR-003', ARRAY['risograph','forest','affordable','print'],             'Risograph',                 '8x10 in',  0.1, true, false, 4.6, 3, 15, 221),
('c5555555-5555-5555-5555-000000000006', 'a5555555-5555-5555-5555-555555555555', 'Woven Wall Piece — Snow',            'Small woven wall piece in natural wool and linen, warm whites with a single black thread running through.',                                                                                                      225.00, NULL,   (SELECT id FROM categories WHERE slug = 'textile-art'),  ARRAY['https://picsum.photos/seed/yuki-p6a/800/1000'],                                          'https://picsum.photos/seed/yuki-p6a/500/625',   5, 'YT-TX-002', ARRAY['weaving','wool','white','textile','minimalist'],       'Wool, linen',               '14x22 in', 0.4, true, false, 4.8, 1, 3,   96),
('c5555555-5555-5555-5555-000000000007', 'a5555555-5555-5555-5555-555555555555', 'Paper Map — Tokyo Streets',         'Hand-drawn, hand-printed map of my Shimokitazawa neighbourhood. Single-colour letterpress on natural paper.',                                                                                                     75.00,  NULL,   (SELECT id FROM categories WHERE slug = 'prints'),       ARRAY['https://picsum.photos/seed/yuki-p7a/800/1000'],                                          'https://picsum.photos/seed/yuki-p7a/500/625',  18, 'YT-PR-004', ARRAY['map','tokyo','letterpress','handmade'],                'Letterpress',               '11x17 in', 0.2, true, false, 4.9, 1, 5,  132),
('c5555555-5555-5555-5555-000000000008', 'a5555555-5555-5555-5555-555555555555', 'Embroidered Panel — Moss',          'Small embroidered panel on natural linen in mossy greens. Mounted on a hidden wooden stretcher.',                                                                                                                195.00, NULL,   (SELECT id FROM categories WHERE slug = 'textile-art'),  ARRAY['https://picsum.photos/seed/yuki-p8a/800/800'],                                           'https://picsum.photos/seed/yuki-p8a/500/500',   4, 'YT-TX-003', ARRAY['embroidery','green','textile','small'],                'Embroidery on linen',       '10x10 in', 0.2, true, false, 4.7, 0, 0,    47),
('c5555555-5555-5555-5555-000000000009', 'a5555555-5555-5555-5555-555555555555', 'Three Moons — Etching Set',         'A set of three small etchings — waxing, full, and waning moons. Each signed and numbered. Edition of 25 sets.',                                                                                                 140.00, NULL,   (SELECT id FROM categories WHERE slug = 'prints'),       ARRAY['https://picsum.photos/seed/yuki-p9a/800/600'],                                           'https://picsum.photos/seed/yuki-p9a/500/375',  22, 'YT-PR-005', ARRAY['etching','moon','set','intimate'],                     'Etching',                   '18x6 in',  0.2, true, true,  5.0, 2, 7,  169),
('c5555555-5555-5555-5555-00000000000a', 'a5555555-5555-5555-5555-555555555555', 'Found-Paper Collage — Sora',        'Large collage built from decades-old book pages and hand-painted paper scraps. Titled ''Sora'' (sky).',                                                                                                           520.00, 640.00, (SELECT id FROM categories WHERE slug = 'mixed-media'),  ARRAY['https://picsum.photos/seed/yuki-p10a/800/1000'],                                         'https://picsum.photos/seed/yuki-p10a/500/625',  1, 'YT-MM-002', ARRAY['collage','paper','vintage','mixed-media','large'],     'Mixed media on panel',      '24x30 in', 1.1, true, true,  4.8, 1, 1,    58);

-- ============================================================================
-- ORDERS — realistic activity so seller + admin dashboards show data
-- ============================================================================
INSERT INTO orders (id, buyer_id, order_number, status, subtotal, shipping_cost, tax, discount, total, shipping_name, shipping_address_line1, shipping_city, shipping_state, shipping_country, shipping_zip, shipping_phone, payment_method, payment_status, notes, created_at, updated_at) VALUES
('10000001-0000-0000-0000-000000000001', 'b6666666-6666-6666-6666-666666666666', 'ART-200001', 'delivered',  340.00, 0.00, 0.00, 0.00, 340.00, 'Leila Hassan',  '22 Al Wasl Road',  'Dubai',     NULL,   'UAE',     '00000', '+971-555-0206', 'cod', 'paid',    NULL, NOW() - INTERVAL '32 days', NOW() - INTERVAL '24 days'),
('10000001-0000-0000-0000-000000000002', 'b7777777-7777-7777-7777-777777777777', 'ART-200002', 'shipped',    410.00, 0.00, 0.00, 0.00, 410.00, 'Henri Laurent', '7 Rue de Rivoli',  'Paris',     NULL,   'France',  '75001', '+33-555-0207',  'cod', 'pending', NULL, NOW() - INTERVAL '6 days',  NOW() - INTERVAL '2 days'),
('10000001-0000-0000-0000-000000000003', 'b8888888-8888-8888-8888-888888888888', 'ART-200003', 'processing', 245.00, 0.00, 0.00, 0.00, 245.00, 'Priya Desai',   '301 Bandra West',  'Mumbai',    'MH',   'India',   '400050', '+91-555-0208',  'cod', 'pending', NULL, NOW() - INTERVAL '3 days',  NOW() - INTERVAL '1 day'),
('10000001-0000-0000-0000-000000000004', 'b1111111-1111-1111-1111-111111111111', 'ART-200004', 'delivered',  520.00, 0.00, 0.00, 0.00, 520.00, 'Sarah Johnson', '200 Park Avenue',  'New York',  'NY',   'USA',     '10017', '+1-555-0201',   'cod', 'paid',    NULL, NOW() - INTERVAL '45 days', NOW() - INTERVAL '35 days'),
('10000001-0000-0000-0000-000000000005', 'b2222222-2222-2222-2222-222222222222', 'ART-200005', 'delivered',  165.00, 0.00, 0.00, 0.00, 165.00, 'Michael Thompson', '15 Oxford Street','London', NULL,  'UK',      'W1D 1BS','+44-555-0202',  'cod', 'paid',    NULL, NOW() - INTERVAL '22 days', NOW() - INTERVAL '15 days'),
('10000001-0000-0000-0000-000000000006', 'b3333333-3333-3333-3333-333333333333', 'ART-200006', 'pending',    140.00, 0.00, 0.00, 0.00, 140.00, 'Aisha Patel',   '42 MG Road',       'Mumbai',    'MH',   'India',   '400001', '+91-555-0203',  'cod', 'pending', NULL, NOW() - INTERVAL '12 hours', NOW() - INTERVAL '12 hours');

-- Order items — link each order to the products and seller(s)
INSERT INTO order_items (order_id, product_id, seller_id, title, price, quantity, thumbnail, status) VALUES
('10000001-0000-0000-0000-000000000001', 'e3333333-3333-3333-3333-000000000002', 'a3333333-3333-3333-3333-333333333333', 'Moon Jar (Small)',               340.00, 1, 'https://picsum.photos/seed/aria-p2a/500/500', 'delivered'),
('10000001-0000-0000-0000-000000000002', 'f4444444-4444-4444-4444-000000000006', 'a4444444-4444-4444-4444-444444444444', 'Desert Palette',                 410.00, 1, 'https://picsum.photos/seed/marcus-p6a/500/375', 'shipped'),
('10000001-0000-0000-0000-000000000003', 'c5555555-5555-5555-5555-000000000002', 'a5555555-5555-5555-5555-555555555555', 'Indigo Wave — Shibori Wall Hanging', 280.00, 1, 'https://picsum.photos/seed/yuki-p2a/500/625', 'confirmed'),
('10000001-0000-0000-0000-000000000004', 'e3333333-3333-3333-3333-00000000000a', 'a3333333-3333-3333-3333-333333333333', 'Form in Three Parts',            680.00, 1, 'https://picsum.photos/seed/aria-p8a/500/500', 'delivered'),
('10000001-0000-0000-0000-000000000005', 'f4444444-4444-4444-4444-000000000003', 'a4444444-4444-4444-4444-444444444444', 'Market Study No. 7',             165.00, 1, 'https://picsum.photos/seed/marcus-p3a/500/625', 'delivered'),
('10000001-0000-0000-0000-000000000006', 'e3333333-3333-3333-3333-000000000009', 'a3333333-3333-3333-3333-333333333333', 'Everyday Mug Set (4)',           140.00, 1, 'https://picsum.photos/seed/aria-p9a/500/500', 'pending');

-- ============================================================================
-- REVIEWS — varied ratings so "What buyers say" AI summary has content
-- ============================================================================
INSERT INTO reviews (product_id, user_id, rating, title, comment, is_verified_purchase, helpful_count, created_at) VALUES
('e3333333-3333-3333-3333-000000000002', 'b6666666-6666-6666-6666-666666666666', 5, 'A centrepiece in every room',       'Every visitor picks it up. The glaze has real depth in person — photos don''t do it justice. Packaging was flawless.', true, 9, NOW() - INTERVAL '22 days'),
('e3333333-3333-3333-3333-000000000002', 'b1111111-1111-1111-1111-111111111111', 5, 'Exactly what I wanted',             'Exactly the kind of quiet presence I was looking for. Pairs perfectly with minimal interiors.',                       false, 3, NOW() - INTERVAL '12 days'),
('e3333333-3333-3333-3333-000000000001', 'b8888888-8888-8888-8888-888888888888', 5, 'Daily ritual',                      'I use it every morning. The shino flashes make each bowl feel one-of-a-kind.',                                         false, 4, NOW() - INTERVAL '8 days'),
('e3333333-3333-3333-3333-000000000001', 'b1111111-1111-1111-1111-111111111111', 5, 'Small but soulful',                 'Smaller than I expected but honestly the proportions are just right. Delivery was quick.',                             false, 2, NOW() - INTERVAL '3 days'),
('e3333333-3333-3333-3333-000000000001', 'b2222222-2222-2222-2222-222222222222', 4, 'Lovely — a touch smaller',          'Lovely finish, warm and tactile. Photos made it look a bit bigger than it is — worth zooming in on the dimensions.',   false, 1, NOW() - INTERVAL '2 days'),
('f4444444-4444-4444-4444-000000000001', 'b7777777-7777-7777-7777-777777777777', 5, 'Print quality is excellent',        'Framed it behind museum glass. The tonal range is beautifully preserved. Signed and numbered as promised.',            true,  6, NOW() - INTERVAL '30 days'),
('f4444444-4444-4444-4444-000000000001', 'b1111111-1111-1111-1111-111111111111', 5, 'A keeper',                          'Arrived flat, well-wrapped, in under a week. Paper quality is gorgeous.',                                              false, 2, NOW() - INTERVAL '10 days'),
('f4444444-4444-4444-4444-000000000003', 'b2222222-2222-2222-2222-222222222222', 5, 'Colours pop',                       'The blues against the ochre wall are incredible. One of the best prints I''ve bought online.',                         false, 3, NOW() - INTERVAL '20 days'),
('f4444444-4444-4444-4444-000000000003', 'b3333333-3333-3333-3333-333333333333', 4, 'Slightly cropped',                  'Beautiful image. My only note is the white border is narrower than I''d like for my frame — easy enough to mount.',    false, 0, NOW() - INTERVAL '14 days'),
('c5555555-5555-5555-5555-000000000001', 'b8888888-8888-8888-8888-888888888888', 5, 'Beautiful handmade feel',           'You can feel the paper. Signed, numbered, and carefully packed. Would buy again.',                                     false, 5, NOW() - INTERVAL '18 days'),
('c5555555-5555-5555-5555-000000000005', 'b6666666-6666-6666-6666-666666666666', 4, 'Great at this price',               'Risograph grain is lovely. For under 50 USD it''s a very honest object.',                                              false, 2, NOW() - INTERVAL '16 days'),
('c5555555-5555-5555-5555-000000000009', 'b7777777-7777-7777-7777-777777777777', 5, 'Tiny and perfect',                  'Hung together as a row above my desk. The etching lines are delicate and rich.',                                       true,  1, NOW() - INTERVAL '7 days');

-- ============================================================================
-- BROWSING HISTORY — so recommendations have signal to work with
-- ============================================================================
INSERT INTO browsing_history (user_id, product_id, viewed_at) VALUES
('b6666666-6666-6666-6666-666666666666', 'e3333333-3333-3333-3333-000000000002', NOW() - INTERVAL '1 hour'),
('b6666666-6666-6666-6666-666666666666', 'e3333333-3333-3333-3333-000000000001', NOW() - INTERVAL '2 hours'),
('b6666666-6666-6666-6666-666666666666', 'c5555555-5555-5555-5555-000000000002', NOW() - INTERVAL '3 hours'),
('b7777777-7777-7777-7777-777777777777', 'f4444444-4444-4444-4444-000000000006', NOW() - INTERVAL '30 minutes'),
('b7777777-7777-7777-7777-777777777777', 'f4444444-4444-4444-4444-000000000001', NOW() - INTERVAL '1 hour'),
('b7777777-7777-7777-7777-777777777777', 'c5555555-5555-5555-5555-000000000004', NOW() - INTERVAL '2 hours'),
('b8888888-8888-8888-8888-888888888888', 'c5555555-5555-5555-5555-000000000002', NOW() - INTERVAL '45 minutes'),
('b8888888-8888-8888-8888-888888888888', 'c5555555-5555-5555-5555-000000000001', NOW() - INTERVAL '1 hour'),
('b8888888-8888-8888-8888-888888888888', 'e3333333-3333-3333-3333-000000000005', NOW() - INTERVAL '4 hours');

COMMIT;
